home_region,baseline,effect_judge,se_judge,p_judge,n_obs,effect_vote,se_vote,p_vote
Canada,Australia,0.010373752293372531,0.005515587366930379,0.05999825249880353,67,1.1522301370135415,0.5532870100254805,0.03729518387418568
Other,Australia,0.009531801552826801,0.005050817454417187,0.05913612287503721,199,0.4410600216579808,0.5137112394927457,0.3905746122363949
United States,Australia,0.007600684875714602,0.00450353084437762,0.09146559630538217,2402,0.7230590497505538,0.4911496838484393,0.14097320666524668
England,Australia,0.006578967119337346,0.0065041768047663,0.3117777488261806,73,0.4699236089722498,0.5279868753744581,0.3734503366849218
Australia,Australia,0.0,,,36,0.0,,
