term,chi2,P>chi2,df constraint,y
Intercept,[[18.24290487]],1.9444890935490482e-05,1,y_vote
C(industry),[[13.56872048]],0.09372254163319187,8,y_vote
C(home_region),[[10.50897591]],0.03267357361768232,4,y_vote
C(dancer),[[162.58438854]],4.744772851501202e-19,33,y_vote
z_age,[[2.18095964]],0.13972731393650425,1,y_vote
week,[[7.53452991]],0.0060527528229372095,1,y_vote
n_active,[[0.62479552]],0.4292708012266304,1,y_vote
