alpha,groups,avg_KL(y||yhat),median_KL(y||yhat),avg_p_max,avg_D_entropy,top1_stability_vs_alpha1
0.7,335,0.08010888882977059,0.07867283282026342,0.18063287205639525,0.011498915394149893,1.0
1.0,335,0.07791835205687454,0.06533256394010879,0.1968596651995748,0.022681184637982566,1.0
1.3,335,0.0838464693029824,0.05766083828150495,0.21351840801277489,0.03667152152398256,1.0
